Chapter,Section,Subsection,Subsubsection,Chapter Filecase,Section Filecase,Subsection Filecase,Subsubsection Filecase,Lesson Plan Path,Step By Step Guide Path,Lesson Plan Exists,Step By Step Guide Exists,LO 1,LO 2,LO 3,LO 4,Course URL
Numbers and Algebra,Real Numbers,Classification of Numbers,Even and Odd Numbers,numbers-and-algebra,real-numbers,classification-of-numbers,even-and-odd-numbers,numbers-and-algebra/real-numbers/even-and-odd-numbers.pdf,numbers-and-algebra/real-numbers/step-by-step-guide_even-and-odd-numbers.pdf,YES,YES,"Classify whole numbers as odd, even, prime and composite in different situations",,,,https://ecampus.idems.international/course/view.php?id=571
Numbers and Algebra,Real Numbers,Classification of Numbers,Prime and Composite Numbers,numbers-and-algebra,real-numbers,classification-of-numbers,prime-and-composite-numbers,numbers-and-algebra/real-numbers/prime-and-composite-numbers.pdf,numbers-and-algebra/real-numbers/step-by-step-guide_prime-and-composite-numbers.pdf,YES,YES,"Classify whole numbers as odd, even, prime and composite in different situations",,,,https://ecampus.idems.international/course/view.php?id=571
Numbers and Algebra,Real Numbers,Classification of Numbers,Rational and Irrational Numbers,numbers-and-algebra,real-numbers,classification-of-numbers,rational-and-irrational-numbers,numbers-and-algebra/real-numbers/rational-and-irrational-numbers.pdf,numbers-and-algebra/real-numbers/step-by-step-guide_rational-and-irrational-numbers.pdf,YES,YES,Classify real numbers as rational and irrational in different situations,,,,https://ecampus.idems.international/course/view.php?id=571
Numbers and Algebra,Real Numbers,Reciprocals of Numbers,Reciprocals using Division,numbers-and-algebra,real-numbers,reciprocals-of-numbers,reciprocals-using-division,numbers-and-algebra/real-numbers/reciprocals-using-division.pdf,numbers-and-algebra/real-numbers/step-by-step-guide_reciprocals-using-division.pdf,YES,YES,Determine the reciprocal of real numbers by division,,,,https://ecampus.idems.international/course/view.php?id=571
Numbers and Algebra,Real Numbers,Reciprocals of Numbers,Reciprocals Using Tables and Calculators,numbers-and-algebra,real-numbers,reciprocals-of-numbers,reciprocals-using-tables-and-calculators,numbers-and-algebra/real-numbers/reciprocals-using-tables-and-calculators.pdf,numbers-and-algebra/real-numbers/step-by-step-guide_reciprocals-using-tables-and-calculators.pdf,YES,YES,Determine the reciprocal of real numbers by use of mathematical tables and calculators,,,,https://ecampus.idems.international/course/view.php?id=571
Numbers and Algebra,Real Numbers,Reciprocals of Numbers,Using Reciprocals,numbers-and-algebra,real-numbers,reciprocals-of-numbers,using-reciprocals,numbers-and-algebra/real-numbers/using-reciprocals.pdf,numbers-and-algebra/real-numbers/step-by-step-guide_using-reciprocals.pdf,YES,YES,Apply reciprocal of real numbers in mathematical computations,Promote the use of real numbers in day-to-day activities,,,https://ecampus.idems.international/course/view.php?id=571
Numbers and Algebra,Indices and Logarithms,Indices,Introduction to Indices,numbers-and-algebra,indices-and-logarithms,indices,introduction-to-indices,numbers-and-algebra/indices-and-logarithms/introduction-to-indices.pdf,numbers-and-algebra/indices-and-logarithms/step-by-step-guide_introduction-to-indices.pdf,YES,YES,Express numbers in index form,,,,https://ecampus.idems.international/course/view.php?id=573
Numbers and Algebra,Indices and Logarithms,Indices,Laws of Indices,numbers-and-algebra,indices-and-logarithms,indices,laws-of-indices,numbers-and-algebra/indices-and-logarithms/laws-of-indices.pdf,numbers-and-algebra/indices-and-logarithms/step-by-step-guide_laws-of-indices.pdf,YES,YES,Derive the laws of indices using factors,,,,https://ecampus.idems.international/course/view.php?id=573
Numbers and Algebra,Indices and Logarithms,Indices,Zero and Negative Indices,numbers-and-algebra,indices-and-logarithms,indices,zero-and-negative-indices,numbers-and-algebra/indices-and-logarithms/zero-and-negative-indices.pdf,numbers-and-algebra/indices-and-logarithms/step-by-step-guide_zero-and-negative-indices.pdf,YES,YES,Derive the laws of indices using factors,,,,https://ecampus.idems.international/course/view.php?id=573
Numbers and Algebra,Indices and Logarithms,Indices,Indices in Real-Life,numbers-and-algebra,indices-and-logarithms,indices,indices-in-real-life,numbers-and-algebra/indices-and-logarithms/indices-in-real-life.pdf,numbers-and-algebra/indices-and-logarithms/step-by-step-guide_indices-in-real-life.pdf,YES,YES,Apply the laws of indices in different situations,,,,https://ecampus.idems.international/course/view.php?id=573
Numbers and Algebra,Indices and Logarithms,Logarithms,Introduction to Logarithms,numbers-and-algebra,indices-and-logarithms,logarithms,introduction-to-logarithms,numbers-and-algebra/indices-and-logarithms/introduction-to-logarithms.pdf,numbers-and-algebra/indices-and-logarithms/step-by-step-guide_introduction-to-logarithms.pdf,YES,YES,Relate index notation to logarithm notation to base 10,,,,https://ecampus.idems.international/course/view.php?id=573
Numbers and Algebra,Indices and Logarithms,Logarithms,Finding Logarithms Using Tables and Calculators,numbers-and-algebra,indices-and-logarithms,logarithms,finding-logarithms-using-tables-and-calculators,numbers-and-algebra/indices-and-logarithms/finding-logarithms-using-tables-and-calculators.pdf,numbers-and-algebra/indices-and-logarithms/step-by-step-guide_finding-logarithms-using-tables-and-calculators.pdf,YES,YES,Determine common logarithms of numbers from mathematical tables and calculators,,,,https://ecampus.idems.international/course/view.php?id=573
Numbers and Algebra,Indices and Logarithms,Logarithms,Antilogarithms,numbers-and-algebra,indices-and-logarithms,logarithms,antilogarithms,numbers-and-algebra/indices-and-logarithms/antilogarithms.pdf,numbers-and-algebra/indices-and-logarithms/step-by-step-guide_antilogarithms.pdf,YES,YES,Determine common logarithms of numbers from mathematical tables and calculators,,,,https://ecampus.idems.international/course/view.php?id=573
Numbers and Algebra,Indices and Logarithms,Logarithms,Logarithms of Products and Ratios,numbers-and-algebra,indices-and-logarithms,logarithms,logarithms-of-products-and-ratios,numbers-and-algebra/indices-and-logarithms/logarithms-of-products-and-ratios.pdf,numbers-and-algebra/indices-and-logarithms/step-by-step-guide_logarithms-of-products-and-ratios.pdf,YES,YES,"Apply common logarithms in multiplication, division, powers and roots of numbers",,,,https://ecampus.idems.international/course/view.php?id=573
Numbers and Algebra,Indices and Logarithms,Logarithms,Using logarithms to compute Products and Ratios,numbers-and-algebra,indices-and-logarithms,logarithms,using-logarithms-to-compute-products-and-ratios,numbers-and-algebra/indices-and-logarithms/using-logarithms-to-compute-products-and-ratios.pdf,numbers-and-algebra/indices-and-logarithms/step-by-step-guide_using-logarithms-to-compute-products-and-ratios.pdf,YES,YES,"Apply common logarithms in multiplication, division, powers and roots of numbers",,,,https://ecampus.idems.international/course/view.php?id=573
Numbers and Algebra,Indices and Logarithms,Logarithms,Logarithms of Powers and Roots,numbers-and-algebra,indices-and-logarithms,logarithms,logarithms-of-powers-and-roots,numbers-and-algebra/indices-and-logarithms/logarithms-of-powers-and-roots.pdf,numbers-and-algebra/indices-and-logarithms/step-by-step-guide_logarithms-of-powers-and-roots.pdf,NO,NO,Appreciate the use of indices and common logarithms in mathematical computations,,,,https://ecampus.idems.international/course/view.php?id=573
Numbers and Algebra,Indices and Logarithms,Logarithms,Logarithms in Real-Life,numbers-and-algebra,indices-and-logarithms,logarithms,logarithms-in-real-life,numbers-and-algebra/indices-and-logarithms/logarithms-in-real-life.pdf,numbers-and-algebra/indices-and-logarithms/step-by-step-guide_logarithms-in-real-life.pdf,YES,YES,Form quadratic expressions from different situations,,,,https://ecampus.idems.international/course/view.php?id=573
Numbers and Algebra,Quadratic Expressions and Equations,Quadratic Expressions,Forming Quadratic Expressions by Multiplying 1,numbers-and-algebra,quadratic-expressions-and-equations,quadratic-expressions,forming-quadratic-expressions-by-multiplying-1,numbers-and-algebra/quadratic-expressions-and-equations/forming-quadratic-expressions-by-multiplying-1.pdf,numbers-and-algebra/quadratic-expressions-and-equations/step-by-step-guide_forming-quadratic-expressions-by-multiplying-1.pdf,#N/A,#N/A,Form quadratic expressions from different situations,,,,https://ecampus.idems.international/course/view.php?id=574
Numbers and Algebra,Quadratic Expressions and Equations,Quadratic Expressions,Forming Quadratic Expressions in Real-Life,numbers-and-algebra,quadratic-expressions-and-equations,quadratic-expressions,forming-quadratic-expressions-by-multiplying-2,numbers-and-algebra/quadratic-expressions-and-equations/forming-quadratic-expressions-by-multiplying-2.pdf,numbers-and-algebra/quadratic-expressions-and-equations/step-by-step-guide_forming-quadratic-expressions-by-multiplying-2.pdf,#N/A,#N/A,Derive the quadratic identities from the concept of area,,,,https://ecampus.idems.international/course/view.php?id=574
Numbers and Algebra,Quadratic Expressions and Equations,Quadratic Identities,Perfect Squares,numbers-and-algebra,quadratic-expressions-and-equations,quadratic-expressions,forming-quadratic-expressions-in-real-life,numbers-and-algebra/quadratic-expressions-and-equations/forming-quadratic-expressions-in-real-life.pdf,numbers-and-algebra/quadratic-expressions-and-equations/step-by-step-guide_forming-quadratic-expressions-in-real-life.pdf,NO,NO,Derive the quadratic identities from the concept of area,,,,https://ecampus.idems.international/course/view.php?id=574
Numbers and Algebra,Quadratic Expressions and Equations,Quadratic Identities,Difference of Squares,numbers-and-algebra,quadratic-expressions-and-equations,quadratic-identities,perfect-squares,numbers-and-algebra/quadratic-expressions-and-equations/perfect-squares.pdf,numbers-and-algebra/quadratic-expressions-and-equations/step-by-step-guide_perfect-squares.pdf,YES,YES,Apply quadratic identities in numerical cases,,,,https://ecampus.idems.international/course/view.php?id=574
Numbers and Algebra,Quadratic Expressions and Equations,Quadratic Identities,Quadratic Identities in Numerical Cases,numbers-and-algebra,quadratic-expressions-and-equations,quadratic-identities,difference-of-squares,numbers-and-algebra/quadratic-expressions-and-equations/difference-of-squares.pdf,numbers-and-algebra/quadratic-expressions-and-equations/step-by-step-guide_difference-of-squares.pdf,NO,NO,Factorise quadratic expressions from different situations,,,,https://ecampus.idems.international/course/view.php?id=574
Numbers and Algebra,Quadratic Expressions and Equations,Factorising Quadratics,Factorising Monic Quadratics,numbers-and-algebra,quadratic-expressions-and-equations,quadratic-identities,quadratic-identities-in-numerical-cases,numbers-and-algebra/quadratic-expressions-and-equations/quadratic-identities-in-numerical-cases.pdf,numbers-and-algebra/quadratic-expressions-and-equations/step-by-step-guide_quadratic-identities-in-numerical-cases.pdf,YES,YES,Factorise quadratic expressions from different situations,,,,https://ecampus.idems.international/course/view.php?id=574
Numbers and Algebra,Quadratic Expressions and Equations,Factorising Quadratics,Factorising Non-Monic Quadratics,numbers-and-algebra,quadratic-expressions-and-equations,factorising-quadratics,factorising-monic-quadratics,numbers-and-algebra/quadratic-expressions-and-equations/factorising-monic-quadratics.pdf,numbers-and-algebra/quadratic-expressions-and-equations/step-by-step-guide_factorising-monic-quadratics.pdf,YES,YES,Form quadratic equations in different situations,,,,https://ecampus.idems.international/course/view.php?id=574
Numbers and Algebra,Quadratic Expressions and Equations,Quadratic Equations,Formation of Quadratic Equations,numbers-and-algebra,quadratic-expressions-and-equations,factorising-quadratics,factorising-non-monic-quadratics,numbers-and-algebra/quadratic-expressions-and-equations/factorising-non-monic-quadratics.pdf,numbers-and-algebra/quadratic-expressions-and-equations/step-by-step-guide_factorising-non-monic-quadratics.pdf,YES,YES,Solve quadratic equations by factorisation,,,,https://ecampus.idems.international/course/view.php?id=574
Numbers and Algebra,Quadratic Expressions and Equations,Quadratic Equations,Solving Quadratic Equations,numbers-and-algebra,quadratic-expressions-and-equations,quadratic-equations,formation-of-quadratic-equations,numbers-and-algebra/quadratic-expressions-and-equations/formation-of-quadratic-equations.pdf,numbers-and-algebra/quadratic-expressions-and-equations/step-by-step-guide_formation-of-quadratic-equations.pdf,YES,YES,Apply quadratic equations to real life situations,Explore the use of quadratic equations in real life situations,,,https://ecampus.idems.international/course/view.php?id=574
Numbers and Algebra,Quadratic Expressions and Equations,Quadratic Equations,Quadratic Equations in Real-Life,numbers-and-algebra,quadratic-expressions-and-equations,quadratic-equations,solving-quadratic-equations,numbers-and-algebra/quadratic-expressions-and-equations/solving-quadratic-equations.pdf,numbers-and-algebra/quadratic-expressions-and-equations/step-by-step-guide_solving-quadratic-equations.pdf,YES,YES,Determine the centre of enlargement and the linear scale factor for similar figures,Apply similarity and enlargement to real-life situations,Appreciate the use of similarity and enlargement in real-life situations,,https://ecampus.idems.international/course/view.php?id=574
Measurements and Geometry,Similarity and Enlargement,Introduction to Similarity,,numbers-and-algebra,quadratic-expressions-and-equations,quadratic-equations,quadratic-equations-in-real-life,numbers-and-algebra/quadratic-expressions-and-equations/quadratic-equations-in-real-life.pdf,numbers-and-algebra/quadratic-expressions-and-equations/step-by-step-guide_quadratic-equations-in-real-life.pdf,YES,YES,Construct the image of an object under an enlargement given the centre and the linear scale factor,Apply similarity and enlargement to real-life situations,Appreciate the use of similarity and enlargement in real-life situations,,
Measurements and Geometry,Similarity and Enlargement,Enlargements of Objects,Positive Enlargements ,measurements-and-geometry,similarity-and-enlargement,introduction-to-similarity,,measurements-and-geometry/similarity-and-enlargement/introduction-to-similarity.pdf,measurements-and-geometry/similarity-and-enlargement/step-by-step-guide_introduction-to-similarity.pdf,YES,YES,Construct the image of an object under an enlargement given the centre and the linear scale factor,Apply similarity and enlargement to real-life situations,Appreciate the use of similarity and enlargement in real-life situations,,
Measurements and Geometry,Similarity and Enlargement,Enlargements of Objects,Negative Enlargements,measurements-and-geometry,similarity-and-enlargement,enlargements-of-objects,positive-enlargements,measurements-and-geometry/similarity-and-enlargement/positive-enlargements.pdf,measurements-and-geometry/similarity-and-enlargement/step-by-step-guide_positive-enlargements.pdf,YES,YES,Determine the area and volume scale factor of different figures and solids,"Relate linear scale factor, area scale factor, and volume scale factor in enlargements",Apply similarity and enlargement to real-life situations,Appreciate the use of similarity and enlargement in real-life situations,
Measurements and Geometry,Similarity and Enlargement,Scale Factors,Area Scale Factors,measurements-and-geometry,similarity-and-enlargement,enlargements-of-objects,negative-enlargements,measurements-and-geometry/similarity-and-enlargement/negative-enlargements.pdf,measurements-and-geometry/similarity-and-enlargement/step-by-step-guide_negative-enlargements.pdf,YES,YES,Determine the area and volume scale factor of different figures and solids,"Relate linear scale factor, area scale factor, and volume scale factor in enlargements",Apply similarity and enlargement to real-life situations,Appreciate the use of similarity and enlargement in real-life situations,
Measurements and Geometry,Similarity and Enlargement,Scale Factors,Volume Scale Factors,measurements-and-geometry,similarity-and-enlargement,scale-factors,area-scale-factors,measurements-and-geometry/similarity-and-enlargement/area-scale-factors.pdf,measurements-and-geometry/similarity-and-enlargement/step-by-step-guide_area-scale-factors.pdf,YES,YES,Apply similarity and enlargement to real-life situations,Appreciate the use of similarity and enlargement in real-life situations,,,
Measurements and Geometry,Similarity and Enlargement,Similarity and Enlargement in Real-Life,,measurements-and-geometry,similarity-and-enlargement,scale-factors,volume-scale-factors,measurements-and-geometry/similarity-and-enlargement/volume-scale-factors.pdf,measurements-and-geometry/similarity-and-enlargement/step-by-step-guide_volume-scale-factors.pdf,YES,YES,Identify lines of symmetry in plane figures,Determine the properties of reflection in different situations,,,
Measurements and Geometry,Reflection and Congruence,Properties of Symmetry and Reflection,,measurements-and-geometry,similarity-and-enlargement,similarity-and-enlargement-in-real-life,,measurements-and-geometry/similarity-and-enlargement/similarity-and-enlargement-in-real-life.pdf,measurements-and-geometry/similarity-and-enlargement/step-by-step-guide_similarity-and-enlargement-in-real-life.pdf,YES,YES,Draw an image given an object and a mirror line on plane surface and Cartesian plane,,,,
Measurements and Geometry,Reflection and Congruence,Reflecting Objects,,measurements-and-geometry,reflection-and-congruence,properties-of-symmetry-and-reflection,,measurements-and-geometry/reflection-and-congruence/properties-of-symmetry-and-reflection.pdf,measurements-and-geometry/reflection-and-congruence/step-by-step-guide_properties-of-symmetry-and-reflection.pdf,YES,YES,Determine the equation of the mirror line given an object and its image,,,,
Measurements and Geometry,Reflection and Congruence,Equations of Mirror Lines,,measurements-and-geometry,reflection-and-congruence,reflecting-objects,,measurements-and-geometry/reflection-and-congruence/reflecting-objects.pdf,measurements-and-geometry/reflection-and-congruence/step-by-step-guide_reflecting-objects.pdf,YES,YES,Carry out congruence tests for triangles,,,,
Measurements and Geometry,Reflection and Congruence,Congruence in Triangles,,measurements-and-geometry,reflection-and-congruence,equations-of-mirror-lines,,measurements-and-geometry/reflection-and-congruence/equations-of-mirror-lines.pdf,measurements-and-geometry/reflection-and-congruence/step-by-step-guide_equations-of-mirror-lines.pdf,YES,YES,Promote use of reflection and congruence in real-life situations,,,,
Measurements and Geometry,Reflection and Congruence,Reflection and Congruence in Real-Life,,measurements-and-geometry,reflection-and-congruence,congruence-in-triangles,,measurements-and-geometry/reflection-and-congruence/congruence-in-triangles.pdf,measurements-and-geometry/reflection-and-congruence/step-by-step-guide_congruence-in-triangles.pdf,YES,YES,Determine the properties of rotation in different situations,Appreciate the application of rotation in real-life situations,,,
Measurements and Geometry,Rotation,Properties of Rotation,,measurements-and-geometry,reflection-and-congruence,reflection-and-congruence-in-real-life,,measurements-and-geometry/reflection-and-congruence/reflection-and-congruence-in-real-life.pdf,measurements-and-geometry/reflection-and-congruence/step-by-step-guide_reflection-and-congruence-in-real-life.pdf,YES,YES,Rotate an object given the centre and angle of rotation on a plane surface and the Cartesian plane,Determine the centre and angle of rotation given an object and its image,,,
Measurements and Geometry,Rotation,Rotating Objects,,measurements-and-geometry,rotation,properties-of-rotation,,measurements-and-geometry/rotation/properties-of-rotation.pdf,measurements-and-geometry/rotation/step-by-step-guide_properties-of-rotation.pdf,YES,YES,Determine the order of rotational symmetry of plane figures,Appreciate the application of rotation in real-life situations,,,
Measurements and Geometry,Rotation,Rotational Symmetry,Rotational Symmetry of Plane Figures,measurements-and-geometry,rotation,rotating-objects,,measurements-and-geometry/rotation/rotating-objects.pdf,measurements-and-geometry/rotation/step-by-step-guide_rotating-objects.pdf,NO,NO,Determine the axis and order of rotational symmetry in solids,Appreciate the application of rotation in real-life situations,,,
Measurements and Geometry,Rotation,Rotational Symmetry,Rotational Symmetry of Solids,measurements-and-geometry,rotation,rotational-symmetry,rotational-symmetry-of-plane-figures,measurements-and-geometry/rotation/rotational-symmetry-of-plane-figures.pdf,measurements-and-geometry/rotation/step-by-step-guide_rotational-symmetry-of-plane-figures.pdf,YES,YES,Deduce congruence from rotation,Appreciate the application of rotation in real-life situations,,,
Measurements and Geometry,Rotation,Rotation and Congruence,,measurements-and-geometry,rotation,rotational-symmetry,rotational-symmetry-of-solids,measurements-and-geometry/rotation/rotational-symmetry-of-solids.pdf,measurements-and-geometry/rotation/step-by-step-guide_rotational-symmetry-of-solids.pdf,YES,YES,Appreciate the application of rotation in real-life situations,,,,
Measurements and Geometry,Rotation,Rotation in Real-Life,,measurements-and-geometry,rotation,rotation-and-congruence,,measurements-and-geometry/rotation/rotation-and-congruence.pdf,measurements-and-geometry/rotation/step-by-step-guide_rotation-and-congruence.pdf,YES,YES,"Relate the sine, cosine and tangent of acute angles",,,,
Measurements and Geometry,Trigonometry 1,Tangents of Acute Angles,,measurements-and-geometry,rotation,rotation-in-real-life,,measurements-and-geometry/rotation/rotation-in-real-life.pdf,measurements-and-geometry/rotation/step-by-step-guide_rotation-in-real-life.pdf,NO,NO,"Relate the sine, cosine and tangent of acute angles",,,,
Measurements and Geometry,Trigonometry 1,Sines and Cosines of Acute Angles,,measurements-and-geometry,trigonometry-1,tangents-of-acute-angles,,measurements-and-geometry/trigonometry-1/tangents-of-acute-angles.pdf,measurements-and-geometry/trigonometry-1/step-by-step-guide_tangents-of-acute-angles.pdf,YES,YES,Relate sines and cosines of complementary angles,,,,
Measurements and Geometry,Trigonometry 1,Sines and Cosines of Complementary Angles,,measurements-and-geometry,trigonometry-1,sines-and-cosines-of-acute-angles,,measurements-and-geometry/trigonometry-1/sines-and-cosines-of-acute-angles.pdf,measurements-and-geometry/trigonometry-1/step-by-step-guide_sines-and-cosines-of-acute-angles.pdf,YES,YES,"Determine trigonometric ratios of special angles: 30, 45, 60, and 90 degrees using triangles",,,,
Measurements and Geometry,Trigonometry 1,Trigonometric Ratios of Special Angles,"Special Angles: 0, 45, and 90 Degrees",measurements-and-geometry,trigonometry-1,sines-and-cosines-of-complementary-angles,,measurements-and-geometry/trigonometry-1/sines-and-cosines-of-complementary-angles.pdf,measurements-and-geometry/trigonometry-1/step-by-step-guide_sines-and-cosines-of-complementary-angles.pdf,NO,NO,"Determine trigonometric ratios of special angles: 30, 45, 60, and 90 degrees using triangles",,,,
Measurements and Geometry,Trigonometry 1,Trigonometric Ratios of Special Angles,Special Angles: 30 and 60 Degrees,measurements-and-geometry,trigonometry-1,trigonometric-ratios-of-special-angles,special-angles-0-45-and-90-degrees,measurements-and-geometry/trigonometry-1/special-angles-0-45-and-90-degrees.pdf,measurements-and-geometry/trigonometry-1/step-by-step-guide_special-angles-0-45-and-90-degrees.pdf,NO,NO,Determine the trigonometric ratios of acute angles from mathematical tables and calculators,,,,
Measurements and Geometry,Trigonometry 1,Trigonometry Using Tables and Calculators,,measurements-and-geometry,trigonometry-1,trigonometric-ratios-of-special-angles,special-angles-30-and-60-degrees,measurements-and-geometry/trigonometry-1/special-angles-30-and-60-degrees.pdf,measurements-and-geometry/trigonometry-1/step-by-step-guide_special-angles-30-and-60-degrees.pdf,NO,NO,Apply trigonometric ratios to angles of elevation and depression,,,,
Measurements and Geometry,Trigonometry 1,Angles of Elevation and Depression,Angles of Elevation,measurements-and-geometry,trigonometry-1,trigonometry-using-tables-and-calculators,,measurements-and-geometry/trigonometry-1/trigonometry-using-tables-and-calculators.pdf,measurements-and-geometry/trigonometry-1/step-by-step-guide_trigonometry-using-tables-and-calculators.pdf,YES,YES,Apply trigonometric ratios to angles of elevation and depression,,,,
Measurements and Geometry,Trigonometry 1,Angles of Elevation and Depression,Angles of Depression,measurements-and-geometry,trigonometry-1,angles-of-elevation-and-depression,angles-of-elevation,measurements-and-geometry/trigonometry-1/angles-of-elevation.pdf,measurements-and-geometry/trigonometry-1/step-by-step-guide_angles-of-elevation.pdf,YES,YES,Reflect on the use of trigonometry in real-life situations,,,,
Measurements and Geometry,Trigonometry 1,Trigonometry in Real-Life,,measurements-and-geometry,trigonometry-1,angles-of-elevation-and-depression,angles-of-depression,measurements-and-geometry/trigonometry-1/angles-of-depression.pdf,measurements-and-geometry/trigonometry-1/step-by-step-guide_angles-of-depression.pdf,NO,NO,Derive the formula for the area of a triangle given two sides and an included angle,Work out the area of a triangle given two sides and an included angle,,,
Measurements and Geometry,Area of Polygons,Area of Triangles,Using Two Sides and an Angle,measurements-and-geometry,trigonometry-1,trigonometry-in-real-life,,measurements-and-geometry/trigonometry-1/trigonometry-in-real-life.pdf,measurements-and-geometry/trigonometry-1/step-by-step-guide_trigonometry-in-real-life.pdf,NO,NO,Determine the area of a triangle using Heron's formula,,,,
Measurements and Geometry,Area of Polygons,Area of Triangles,Heron's Formula,measurements-and-geometry,area-of-polygons,area-of-triangles,using-two-sides-and-an-angle,measurements-and-geometry/area-of-polygons/using-two-sides-and-an-angle.pdf,measurements-and-geometry/area-of-polygons/step-by-step-guide_using-two-sides-and-an-angle.pdf,YES,YES,Determine the area of quadrilaterals in different situations,Explore the area of polygons as used in real-life situations,,,
Measurements and Geometry,Area of Polygons,Area of Quadrilaterals,Area of Squares and Rectangles,measurements-and-geometry,area-of-polygons,area-of-triangles,herons-formula,measurements-and-geometry/area-of-polygons/herons-formula.pdf,measurements-and-geometry/area-of-polygons/step-by-step-guide_herons-formula.pdf,NO,NO,Determine the area of quadrilaterals in different situations,Explore the area of polygons as used in real-life situations,,,
Measurements and Geometry,Area of Polygons,Area of Quadrilaterals,Area of Parallelograms,measurements-and-geometry,area-of-polygons,area-of-quadrilaterals,area-of-squares-and-rectangles,measurements-and-geometry/area-of-polygons/area-of-squares-and-rectangles.pdf,measurements-and-geometry/area-of-polygons/step-by-step-guide_area-of-squares-and-rectangles.pdf,NO,NO,Determine the area of quadrilaterals in different situations,Explore the area of polygons as used in real-life situations,,,
Measurements and Geometry,Area of Polygons,Area of Quadrilaterals,Area of Rhombuses,measurements-and-geometry,area-of-polygons,area-of-quadrilaterals,area-of-parallelograms,measurements-and-geometry/area-of-polygons/area-of-parallelograms.pdf,measurements-and-geometry/area-of-polygons/step-by-step-guide_area-of-parallelograms.pdf,YES,YES,Determine the area of quadrilaterals in different situations,Explore the area of polygons as used in real-life situations,,,
Measurements and Geometry,Area of Polygons,Area of Quadrilaterals,Area of Trapeziums,measurements-and-geometry,area-of-polygons,area-of-quadrilaterals,area-of-rhombuses,measurements-and-geometry/area-of-polygons/area-of-rhombuses.pdf,measurements-and-geometry/area-of-polygons/step-by-step-guide_area-of-rhombuses.pdf,YES,YES,Determine the area of quadrilaterals in different situations,Explore the area of polygons as used in real-life situations,,,
Measurements and Geometry,Area of Polygons,Area of Quadrilaterals,Area of Kites,measurements-and-geometry,area-of-polygons,area-of-quadrilaterals,area-of-trapeziums,measurements-and-geometry/area-of-polygons/area-of-trapeziums.pdf,measurements-and-geometry/area-of-polygons/step-by-step-guide_area-of-trapeziums.pdf,YES,YES,Work out the area of regular heptagon and octagon,Explore the area of polygons as used in real-life situations,,,
Measurements and Geometry,Area of Polygons,Area of Regular Polygons,Area of Heptagons,measurements-and-geometry,area-of-polygons,area-of-quadrilaterals,area-of-kites,measurements-and-geometry/area-of-polygons/area-of-kites.pdf,measurements-and-geometry/area-of-polygons/step-by-step-guide_area-of-kites.pdf,YES,YES,Work out the area of regular heptagon and octagon,Explore the area of polygons as used in real-life situations,,,
Measurements and Geometry,Area of Polygons,Area of Regular Polygons,Area of Octogons,measurements-and-geometry,area-of-polygons,area-of-regular-polygons,area-of-heptagons,measurements-and-geometry/area-of-polygons/area-of-heptagons.pdf,measurements-and-geometry/area-of-polygons/step-by-step-guide_area-of-heptagons.pdf,YES,YES,,,,,
Measurements and Geometry,Area of Polygons,Area of Regular Polygons,Area of Nonagons,measurements-and-geometry,area-of-polygons,area-of-regular-polygons,area-of-octogons,measurements-and-geometry/area-of-polygons/area-of-octogons.pdf,measurements-and-geometry/area-of-polygons/step-by-step-guide_area-of-octogons.pdf,NO,NO,,,,,
Measurements and Geometry,Area of Polygons,Area of Regular Polygons,Area of Decagons,measurements-and-geometry,area-of-polygons,area-of-regular-polygons,area-of-nonagons,measurements-and-geometry/area-of-polygons/area-of-nonagons.pdf,measurements-and-geometry/area-of-polygons/step-by-step-guide_area-of-nonagons.pdf,EXTENSION,EXTENSION,Determine the area of irregular polygons in different situations,Explore the area of polygons as used in real-life situations,,,
Measurements and Geometry,Area of Polygons,Area of Irregular Polygons,,measurements-and-geometry,area-of-polygons,area-of-regular-polygons,area-of-decagons,measurements-and-geometry/area-of-polygons/area-of-decagons.pdf,measurements-and-geometry/area-of-polygons/step-by-step-guide_area-of-decagons.pdf,EXTENSION,EXTENSION,Explore the area of polygons as used in real-life situations,,,,
Measurements and Geometry,Area of Polygons,Area of Polygons in Real-Life,,measurements-and-geometry,area-of-polygons,area-of-irregular-polygons,,measurements-and-geometry/area-of-polygons/area-of-irregular-polygons.pdf,measurements-and-geometry/area-of-polygons/step-by-step-guide_area-of-irregular-polygons.pdf,YES,YES,Determine the area of an annulus in different situations,Apply the area of a part of a circle in real-life situations,Explore the use of the area of a part of a circle in real-life situations,,
Measurements and Geometry,Area of a Part of a Circle,Area of an Annulus,,measurements-and-geometry,area-of-polygons,area-of-polygons-in-real-life,,measurements-and-geometry/area-of-polygons/area-of-polygons-in-real-life.pdf,measurements-and-geometry/area-of-polygons/step-by-step-guide_area-of-polygons-in-real-life.pdf,NO,NO,Work out the area of a sector of a circle in real-life situations,Apply the area of a part of a circle in real-life situations,Explore the use of the area of a part of a circle in real-life situations,,
Measurements and Geometry,Area of a Part of a Circle,Area of Sectors,,measurements-and-geometry,area-of-a-part-of-a-circle,area-of-an-annulus,,measurements-and-geometry/area-of-a-part-of-a-circle/area-of-an-annulus.pdf,measurements-and-geometry/area-of-a-part-of-a-circle/step-by-step-guide_area-of-an-annulus.pdf,YES,YES,Determine the area of an annular sector in different situations,Apply the area of a part of a circle in real-life situations,Explore the use of the area of a part of a circle in real-life situations,,
Measurements and Geometry,Area of a Part of a Circle,Area of Annular Sectors,,measurements-and-geometry,area-of-a-part-of-a-circle,area-of-sectors,,measurements-and-geometry/area-of-a-part-of-a-circle/area-of-sectors.pdf,measurements-and-geometry/area-of-a-part-of-a-circle/step-by-step-guide_area-of-sectors.pdf,YES,YES,Work out the area of a segment of a circle,Apply the area of a part of a circle in real-life situations,Explore the use of the area of a part of a circle in real-life situations,,
Measurements and Geometry,Area of a Part of a Circle,Area of Segments,,measurements-and-geometry,area-of-a-part-of-a-circle,area-of-annular-sectors,,measurements-and-geometry/area-of-a-part-of-a-circle/area-of-annular-sectors.pdf,measurements-and-geometry/area-of-a-part-of-a-circle/step-by-step-guide_area-of-annular-sectors.pdf,YES,YES,Determine the area of common region between two intersecting circles,Apply the area of a part of a circle in real-life situations,Explore the use of the area of a part of a circle in real-life situations,,
Measurements and Geometry,Area of a Part of a Circle,Area of Common Regions Between Circles,,measurements-and-geometry,area-of-a-part-of-a-circle,area-of-segments,,measurements-and-geometry/area-of-a-part-of-a-circle/area-of-segments.pdf,measurements-and-geometry/area-of-a-part-of-a-circle/step-by-step-guide_area-of-segments.pdf,YES,YES,Apply the area of a part of a circle in real-life situations,Explore the use of the area of a part of a circle in real-life situations,,,
Measurements and Geometry,Area of a Part of a Circle,Area of a Part of a Circle in Real-Life,,measurements-and-geometry,area-of-a-part-of-a-circle,area-of-common-regions-between-circles,,measurements-and-geometry/area-of-a-part-of-a-circle/area-of-common-regions-between-circles.pdf,measurements-and-geometry/area-of-a-part-of-a-circle/step-by-step-guide_area-of-common-regions-between-circles.pdf,YES,YES,"Determine the surface area of prisms, pyramids, cones, frustums and spheres",Explore the use of the surface area and volume of solids in real-life situations,,,
Measurements and Geometry,Surface Area,Surface Area of Prisms,,measurements-and-geometry,area-of-a-part-of-a-circle,area-of-a-part-of-a-circle-in-real-life,,measurements-and-geometry/area-of-a-part-of-a-circle/area-of-a-part-of-a-circle-in-real-life.pdf,measurements-and-geometry/area-of-a-part-of-a-circle/step-by-step-guide_area-of-a-part-of-a-circle-in-real-life.pdf,NO,NO,,,,,
Measurements and Geometry,Surface Area,Surface Area of Cubes and Cuboids,,measurements-and-geometry,surface-area,surface-area-of-cubes-and-cuboids,,measurements-and-geometry/surface-area/surface-area-of-cubes-and-cuboids.pdf,measurements-and-geometry/surface-area/step-by-step-guide_surface-area-of-cubes-and-cuboids.pdf,EXTENSION,EXTENSION,"Determine the surface area of prisms, pyramids, cones, frustums and spheres",Explore the use of the surface area and volume of solids in real-life situations,,,
Measurements and Geometry,Surface Area,Surface Area of Cylinders,,measurements-and-geometry,surface-area,surface-area-of-prisms,,measurements-and-geometry/surface-area/surface-area-of-prisms.pdf,measurements-and-geometry/surface-area/step-by-step-guide_surface-area-of-prisms.pdf,NO,NO,"Determine the surface area of prisms, pyramids, cones, frustums and spheres",Explore the use of the surface area and volume of solids in real-life situations,,,
Measurements and Geometry,Surface Area,Surface Area of Pyramids,,measurements-and-geometry,surface-area,surface-area-of-cylinders,,measurements-and-geometry/surface-area/surface-area-of-cylinders.pdf,measurements-and-geometry/surface-area/step-by-step-guide_surface-area-of-cylinders.pdf,EXTENSION,EXTENSION,"Determine the surface area of prisms, pyramids, cones, frustums and spheres",Explore the use of the surface area and volume of solids in real-life situations,,,
Measurements and Geometry,Surface Area,Surface Area of Cones,,measurements-and-geometry,surface-area,surface-area-of-pyramids,,measurements-and-geometry/surface-area/surface-area-of-pyramids.pdf,measurements-and-geometry/surface-area/step-by-step-guide_surface-area-of-pyramids.pdf,YES,YES,"Determine the surface area of prisms, pyramids, cones, frustums and spheres",Explore the use of the surface area and volume of solids in real-life situations,,,
Measurements and Geometry,Surface Area,Surface Area of Frustums,,measurements-and-geometry,surface-area,surface-area-of-cones,,measurements-and-geometry/surface-area/surface-area-of-cones.pdf,measurements-and-geometry/surface-area/step-by-step-guide_surface-area-of-cones.pdf,YES,YES,"Determine the surface area of prisms, pyramids, cones, frustums and spheres",Explore the use of the surface area and volume of solids in real-life situations,,,
Measurements and Geometry,Surface Area,Surface Area of Spheres,,measurements-and-geometry,surface-area,surface-area-of-frustums,,measurements-and-geometry/surface-area/surface-area-of-frustums.pdf,measurements-and-geometry/surface-area/step-by-step-guide_surface-area-of-frustums.pdf,YES,YES,Calculate the surface area of composite solids,Explore the use of the surface area and volume of solids in real-life situations,,,
Measurements and Geometry,Surface Area,Surface Area of Composite Solids,,measurements-and-geometry,surface-area,surface-area-of-spheres,,measurements-and-geometry/surface-area/surface-area-of-spheres.pdf,measurements-and-geometry/surface-area/step-by-step-guide_surface-area-of-spheres.pdf,YES,YES,Explore the use of the surface area and volume of solids in real-life situations,,,,
Measurements and Geometry,Surface Area,Surface Area in Real-Life,,measurements-and-geometry,surface-area,surface-area-of-composite-solids,,measurements-and-geometry/surface-area/surface-area-of-composite-solids.pdf,measurements-and-geometry/surface-area/step-by-step-guide_surface-area-of-composite-solids.pdf,YES,YES,"Calculate the volume of prisms, pyramids, cones, frustums and spheres",Explore the use of the surface area and volume of solids in real-life situations,,,
Measurements and Geometry,Volume,Volume of Prisms,,measurements-and-geometry,surface-area,surface-area-in-real-life,,measurements-and-geometry/surface-area/surface-area-in-real-life.pdf,measurements-and-geometry/surface-area/step-by-step-guide_surface-area-in-real-life.pdf,NO,NO,,,,,
Measurements and Geometry,Volume,Volume of Cubes and Cuboids,,measurements-and-geometry,volume,volume-of-cubes-and-cuboids,,measurements-and-geometry/volume/volume-of-cubes-and-cuboids.pdf,measurements-and-geometry/volume/step-by-step-guide_volume-of-cubes-and-cuboids.pdf,EXTENSION,EXTENSION,,,,,
Measurements and Geometry,Volume,Volume of Cylinders,,measurements-and-geometry,volume,volume-of-prisms,,measurements-and-geometry/volume/volume-of-prisms.pdf,measurements-and-geometry/volume/step-by-step-guide_volume-of-prisms.pdf,NO,NO,"Calculate the volume of prisms, pyramids, cones, frustums and spheres",Explore the use of the surface area and volume of solids in real-life situations,,,
Measurements and Geometry,Volume,Volume of Pyramids,,measurements-and-geometry,volume,volume-of-cylinders,,measurements-and-geometry/volume/volume-of-cylinders.pdf,measurements-and-geometry/volume/step-by-step-guide_volume-of-cylinders.pdf,EXTENSION,EXTENSION,"Calculate the volume of prisms, pyramids, cones, frustums and spheres",Explore the use of the surface area and volume of solids in real-life situations,,,
Measurements and Geometry,Volume,Volume of Cones,,measurements-and-geometry,volume,volume-of-pyramids,,measurements-and-geometry/volume/volume-of-pyramids.pdf,measurements-and-geometry/volume/step-by-step-guide_volume-of-pyramids.pdf,YES,YES,"Calculate the volume of prisms, pyramids, cones, frustums and spheres",Explore the use of the surface area and volume of solids in real-life situations,,,
Measurements and Geometry,Volume,Volume of Frustums,,measurements-and-geometry,volume,volume-of-cones,,measurements-and-geometry/volume/volume-of-cones.pdf,measurements-and-geometry/volume/step-by-step-guide_volume-of-cones.pdf,YES,YES,"Calculate the volume of prisms, pyramids, cones, frustums and spheres",Explore the use of the surface area and volume of solids in real-life situations,,,
Measurements and Geometry,Volume,Volume of Spheres,,measurements-and-geometry,volume,volume-of-frustums,,measurements-and-geometry/volume/volume-of-frustums.pdf,measurements-and-geometry/volume/step-by-step-guide_volume-of-frustums.pdf,YES,YES,Determine the volume of composite solids,Explore the use of the surface area and volume of solids in real-life situations,,,
Measurements and Geometry,Volume,Volume of Composite Solids,,measurements-and-geometry,volume,volume-of-spheres,,measurements-and-geometry/volume/volume-of-spheres.pdf,measurements-and-geometry/volume/step-by-step-guide_volume-of-spheres.pdf,YES,YES,Explore the use of the surface area and volume of solids in real-life situations,,,,
Measurements and Geometry,Volume,Volume in Real-Life,,measurements-and-geometry,volume,volume-of-composite-solids,,measurements-and-geometry/volume/volume-of-composite-solids.pdf,measurements-and-geometry/volume/step-by-step-guide_volume-of-composite-solids.pdf,YES,YES,Explain vector and scalar quantities with illustrations,Use vector notations in different ways,,,
Measurements and Geometry,Vectors 1,Vector and Scalar Quantities,,measurements-and-geometry,volume,volume-in-real-life,,measurements-and-geometry/volume/volume-in-real-life.pdf,measurements-and-geometry/volume/step-by-step-guide_volume-in-real-life.pdf,NO,NO,Represent vectors geometrically in different situations,,,,
Measurements and Geometry,Vectors 1,Representing Vectors,Representing Vectors Geometrically,measurements-and-geometry,vectors-1,vector-and-scalar-quantities,,measurements-and-geometry/vectors-1/vector-and-scalar-quantities.pdf,measurements-and-geometry/vectors-1/step-by-step-guide_vector-and-scalar-quantities.pdf,NO,NO,Determine column vectors in different situations,Determine position vectors in different situations,,,
Measurements and Geometry,Vectors 1,Representing Vectors,Column Vectors,measurements-and-geometry,vectors-1,representing-vectors,representing-vectors-geometrically,measurements-and-geometry/vectors-1/representing-vectors-geometrically.pdf,measurements-and-geometry/vectors-1/step-by-step-guide_representing-vectors-geometrically.pdf,NO,NO,Determine column vectors in different situations,Determine position vectors in different situations,,,
Measurements and Geometry,Vectors 1,Representing Vectors,Position Vectors,measurements-and-geometry,vectors-1,representing-vectors,column-vectors,measurements-and-geometry/vectors-1/column-vectors.pdf,measurements-and-geometry/vectors-1/step-by-step-guide_column-vectors.pdf,YES,YES,Work out magnitude of a vector in different situations,,,,
Measurements and Geometry,Vectors 1,Magnitudes of Vectors,,measurements-and-geometry,vectors-1,representing-vectors,position-vectors,measurements-and-geometry/vectors-1/position-vectors.pdf,measurements-and-geometry/vectors-1/step-by-step-guide_position-vectors.pdf,YES,YES,Determine the midpoint of a vector in different situations,,,,
Measurements and Geometry,Vectors 1,Midpoints of Vectors,,measurements-and-geometry,vectors-1,magnitudes-of-vectors,,measurements-and-geometry/vectors-1/magnitudes-of-vectors.pdf,measurements-and-geometry/vectors-1/step-by-step-guide_magnitudes-of-vectors.pdf,YES,YES,Add vectors in different situations,,,,
Measurements and Geometry,Vectors 1,Manipulating Vectors,Adding Vectors,measurements-and-geometry,vectors-1,midpoints-of-vectors,,measurements-and-geometry/vectors-1/midpoints-of-vectors.pdf,measurements-and-geometry/vectors-1/step-by-step-guide_midpoints-of-vectors.pdf,YES,YES,Multiply vectors by scalars,,,,
Measurements and Geometry,Vectors 1,Manipulating Vectors,Multiplying Vectors by Scalars,measurements-and-geometry,vectors-1,manipulating-vectors,adding-vectors,measurements-and-geometry/vectors-1/adding-vectors.pdf,measurements-and-geometry/vectors-1/step-by-step-guide_adding-vectors.pdf,NO,NO,Determine translation vector as a transformation,,,,
Measurements and Geometry,Vectors 1,Manipulating Vectors,Translating Vectors,measurements-and-geometry,vectors-1,manipulating-vectors,multiplying-vectors-by-scalars,measurements-and-geometry/vectors-1/multiplying-vectors-by-scalars.pdf,measurements-and-geometry/vectors-1/step-by-step-guide_multiplying-vectors-by-scalars.pdf,YES,YES,Identify equivalent vectors in different situations,,,,
Measurements and Geometry,Vectors 1,Manipulating Vectors,Equivalent Vectors,measurements-and-geometry,vectors-1,manipulating-vectors,translating-vectors,measurements-and-geometry/vectors-1/translating-vectors.pdf,measurements-and-geometry/vectors-1/step-by-step-guide_translating-vectors.pdf,YES,YES,Appreciate the use of vectors in real-life situations,,,,
Measurements and Geometry,Vectors 1,Vectors in Real-Life,,measurements-and-geometry,vectors-1,manipulating-vectors,equivalent-vectors,measurements-and-geometry/vectors-1/equivalent-vectors.pdf,measurements-and-geometry/vectors-1/step-by-step-guide_equivalent-vectors.pdf,YES,YES,"Explain the terms distance, displacement, speed, velocity and acceleration in real-life situations",,,,
Measurements and Geometry,Linear Motion,Distance and Displacement,,measurements-and-geometry,vectors-1,vectors-in-real-life,,measurements-and-geometry/vectors-1/vectors-in-real-life.pdf,measurements-and-geometry/vectors-1/step-by-step-guide_vectors-in-real-life.pdf,NO,NO,"Explain the terms distance, displacement, speed, velocity and acceleration in real-life situations",Determine velocity and acceleration in different situations,,,
Measurements and Geometry,Linear Motion,Speed and Velocity,,measurements-and-geometry,linear-motion,distance-and-displacement,,measurements-and-geometry/linear-motion/distance-and-displacement.pdf,measurements-and-geometry/linear-motion/step-by-step-guide_distance-and-displacement.pdf,NO,NO,Determine relative speed of two moving bodies in different situations,,,,
Measurements and Geometry,Linear Motion,Relative Speeds,Relative Speeds of Objects Moving in the Same Direction,measurements-and-geometry,linear-motion,speed-and-velocity,,measurements-and-geometry/linear-motion/speed-and-velocity.pdf,measurements-and-geometry/linear-motion/step-by-step-guide_speed-and-velocity.pdf,YES,YES,Determine relative speed of two moving bodies in different situations,,,,
Measurements and Geometry,Linear Motion,Relative Speeds,Relative Speeds of Objects Moving in Different Directions,measurements-and-geometry,linear-motion,relative-speeds,relative-speeds-of-objects-moving-in-the-same-direction,measurements-and-geometry/linear-motion/relative-speeds-of-objects-moving-in-the-same-direction.pdf,measurements-and-geometry/linear-motion/step-by-step-guide_relative-speeds-of-objects-moving-in-the-same-direction.pdf,YES,YES,"Explain the terms distance, displacement, speed, velocity and acceleration in real-life situations",Determine velocity and acceleration in different situations,,,
Measurements and Geometry,Linear Motion,Acceleration,,measurements-and-geometry,linear-motion,relative-speeds,relative-speeds-of-objects-moving-in-different-directions,measurements-and-geometry/linear-motion/relative-speeds-of-objects-moving-in-different-directions.pdf,measurements-and-geometry/linear-motion/step-by-step-guide_relative-speeds-of-objects-moving-in-different-directions.pdf,YES,YES,Draw a displacement-time graph of different situations,Interpret displacement-time graph in different situations,,,
Measurements and Geometry,Linear Motion,Displacement-Time Graphs,,measurements-and-geometry,linear-motion,acceleration,,measurements-and-geometry/linear-motion/acceleration.pdf,measurements-and-geometry/linear-motion/step-by-step-guide_acceleration.pdf,YES,YES,Draw a velocity-time graph from given tables in different situations,Interpret velocity-time graph in different situations,,,
Measurements and Geometry,Linear Motion,Velocity-Time Graphs,,measurements-and-geometry,linear-motion,displacement-time-graphs,,measurements-and-geometry/linear-motion/displacement-time-graphs.pdf,measurements-and-geometry/linear-motion/step-by-step-guide_displacement-time-graphs.pdf,NO,NO,Appreciate use of linear motion in real-life situations,,,,
Measurements and Geometry,Linear Motion,Linear Motion in Real-Life,,measurements-and-geometry,linear-motion,velocity-time-graphs,,measurements-and-geometry/linear-motion/velocity-time-graphs.pdf,measurements-and-geometry/linear-motion/step-by-step-guide_velocity-time-graphs.pdf,YES,YES,Collect data from real-life sources,"Promote data collection, organisation and representation for informed decision making",,,
Statistics and Probability,Statistics 1,Introduction to Statistics,Sources of Data,measurements-and-geometry,linear-motion,linear-motion-in-real-life,,measurements-and-geometry/linear-motion/linear-motion-in-real-life.pdf,measurements-and-geometry/linear-motion/step-by-step-guide_linear-motion-in-real-life.pdf,NO,NO,Collect data from real-life sources,"Promote data collection, organisation and representation for informed decision making",,,
Statistics and Probability,Statistics 1,Introduction to Statistics,Methods of Data Collection,statistics-and-probability,statistics-1,introduction-to-statistics,sources-of-data,statistics-and-probability/statistics-1/sources-of-data.pdf,statistics-and-probability/statistics-1/step-by-step-guide_sources-of-data.pdf,YES,YES,Draw a frequency distribution table for grouped and ungrouped data,,,,
Statistics and Probability,Statistics 1,Ungrouped Data,Frequency Distribution Tables,statistics-and-probability,statistics-1,introduction-to-statistics,methods-of-data-collection,statistics-and-probability/statistics-1/methods-of-data-collection.pdf,statistics-and-probability/statistics-1/step-by-step-guide_methods-of-data-collection.pdf,YES,YES,"Determine mean, mode and median of grouped and ungrouped data",,,,
Statistics and Probability,Statistics 1,Ungrouped Data,Mean,statistics-and-probability,statistics-1,ungrouped-data,frequency-distribution-tables,statistics-and-probability/statistics-1/frequency-distribution-tables.pdf,statistics-and-probability/statistics-1/step-by-step-guide_frequency-distribution-tables.pdf,YES,YES,"Determine mean, mode and median of grouped and ungrouped data",,,,
Statistics and Probability,Statistics 1,Ungrouped Data,Median,statistics-and-probability,statistics-1,ungrouped-data,mean,statistics-and-probability/statistics-1/mean.pdf,statistics-and-probability/statistics-1/step-by-step-guide_mean.pdf,YES,YES,"Determine mean, mode and median of grouped and ungrouped data",,,,
Statistics and Probability,Statistics 1,Ungrouped Data,Mode,statistics-and-probability,statistics-1,ungrouped-data,median,statistics-and-probability/statistics-1/median.pdf,statistics-and-probability/statistics-1/step-by-step-guide_median.pdf,YES,YES,Draw a frequency distribution table for grouped and ungrouped data,,,,
Statistics and Probability,Statistics 1,Grouped Data,Frequency Distribution Tables Grouped,statistics-and-probability,statistics-1,ungrouped-data,mode,statistics-and-probability/statistics-1/mode.pdf,statistics-and-probability/statistics-1/step-by-step-guide_mode.pdf,YES,YES,"Determine mean, mode and median of grouped and ungrouped data",,,,
Statistics and Probability,Statistics 1,Grouped Data,Mean Grouped,statistics-and-probability,statistics-1,grouped-data,frequency-distribution-tables-grouped,statistics-and-probability/statistics-1/frequency-distribution-tables-grouped.pdf,statistics-and-probability/statistics-1/step-by-step-guide_frequency-distribution-tables-grouped.pdf,YES,YES,"Determine mean, mode and median of grouped and ungrouped data",,,,
Statistics and Probability,Statistics 1,Grouped Data,Median Grouped,statistics-and-probability,statistics-1,grouped-data,mean-grouped,statistics-and-probability/statistics-1/mean-grouped.pdf,statistics-and-probability/statistics-1/step-by-step-guide_mean-grouped.pdf,YES,YES,"Determine mean, mode and median of grouped and ungrouped data",,,,
Statistics and Probability,Statistics 1,Grouped Data,Mode Grouped,statistics-and-probability,statistics-1,grouped-data,median-grouped,statistics-and-probability/statistics-1/median-grouped.pdf,statistics-and-probability/statistics-1/step-by-step-guide_median-grouped.pdf,YES,YES,Represent data using histograms and frequency polygons,Interpret data from histograms and frequency polygons,,,
Statistics and Probability,Statistics 1,Histograms and Frequency Polygons,,statistics-and-probability,statistics-1,grouped-data,mode-grouped,statistics-and-probability/statistics-1/mode-grouped.pdf,statistics-and-probability/statistics-1/step-by-step-guide_mode-grouped.pdf,YES,YES,Represent data using histograms and frequency polygons,Interpret data from histograms and frequency polygons,"Promote data collection, organisation and representation for informed decision making",,
Statistics and Probability,Statistics 1,Interpretation of Data,,statistics-and-probability,statistics-1,histograms-and-frequency-polygons,,statistics-and-probability/statistics-1/histograms-and-frequency-polygons.pdf,statistics-and-probability/statistics-1/step-by-step-guide_histograms-and-frequency-polygons.pdf,YES,YES,Collect data from real-life sources,"Promote data collection, organisation and representation for informed decision making",,,
Statistics and Probability,Statistics 1,Statistics in Real-Life,,statistics-and-probability,statistics-1,interpretation-of-data,,statistics-and-probability/statistics-1/interpretation-of-data.pdf,statistics-and-probability/statistics-1/step-by-step-guide_interpretation-of-data.pdf,YES,YES,Perform experiments involving probabilities in different situations,Identify the range of probability in different situations,Appreciate the application of probability in real-life situations,,
Statistics and Probability,Probability 1,Introduction to Probability,,statistics-and-probability,statistics-1,statistics-in-real-life,,statistics-and-probability/statistics-1/statistics-in-real-life.pdf,statistics-and-probability/statistics-1/step-by-step-guide_statistics-in-real-life.pdf,YES,YES,Generate probability space of different events,,,,
Statistics and Probability,Probability 1,Probability Spaces,,statistics-and-probability,probability-1,introduction-to-probability,,statistics-and-probability/probability-1/introduction-to-probability.pdf,statistics-and-probability/probability-1/step-by-step-guide_introduction-to-probability.pdf,YES,YES,Determine the probability of mutually exclusive and independent events,,,,
Statistics and Probability,Probability 1,Mutually Exclusive Events,,statistics-and-probability,probability-1,probability-spaces,,statistics-and-probability/probability-1/probability-spaces.pdf,statistics-and-probability/probability-1/step-by-step-guide_probability-spaces.pdf,NO,NO,Determine the probability of mutually exclusive and independent events,Determine the probability of independent events using tree diagrams,,,
Statistics and Probability,Probability 1,Independent Events,,statistics-and-probability,probability-1,mutually-exclusive-events,,statistics-and-probability/probability-1/mutually-exclusive-events.pdf,statistics-and-probability/probability-1/step-by-step-guide_mutually-exclusive-events.pdf,YES,YES,Apply the laws of probability in different situations,,,,
Statistics and Probability,Probability 1,Laws of Probability,Addition Rule,statistics-and-probability,probability-1,independent-events,,statistics-and-probability/probability-1/independent-events.pdf,statistics-and-probability/probability-1/step-by-step-guide_independent-events.pdf,YES,YES,Apply the laws of probability in different situations,,,,
Statistics and Probability,Probability 1,Laws of Probability,Multiplication Rule,statistics-and-probability,probability-1,laws-of-probability,addition-rule,statistics-and-probability/probability-1/addition-rule.pdf,statistics-and-probability/probability-1/step-by-step-guide_addition-rule.pdf,YES,YES,Determine the probability of independent events using tree diagrams,,,,
Statistics and Probability,Probability 1,Probability Using Tree Diagrams,,statistics-and-probability,probability-1,laws-of-probability,multiplication-rule,statistics-and-probability/probability-1/multiplication-rule.pdf,statistics-and-probability/probability-1/step-by-step-guide_multiplication-rule.pdf,NO,NO,Identify the range of probability in different situations,Appreciate the application of probability in real-life situations,,,
Statistics and Probability,Probability 1,Probability in Real-Life,,statistics-and-probability,probability-1,probability-using-tree-diagrams,,statistics-and-probability/probability-1/probability-using-tree-diagrams.pdf,statistics-and-probability/probability-1/step-by-step-guide_probability-using-tree-diagrams.pdf,YES,YES,,,,,
,,,,statistics-and-probability,probability-1,probability-in-real-life,,,,,,,,,,